SKU,STORE_NUMBER,CAL_YEAR,CAL_MONTH,CAL_DATE,UNIT_DEMAND,PREDICTOR_1,PREDICTOR_2,PREDICTOR_3,PREDICTOR_4,X_INDEX,X_INTERPOLATED,X_TREND,X_TREND_DIFF,X_OUTLIER,X_UNIT_DEMAND,X_TREND_RATIO,X_PREDICTORS,X_COEFFICIENTS,X_INTERCEPT,X_TREND_PREDICTED,X_SEASONALITY,X_SEASONALITY_TYPE,X_FORECAST,X_MAPE,X_RESIDUAL,X_LPI,X_UPI,X_APE,X_ERROR,X_METHOD
1100,1150,2016,3,3/1/2016,16.0,1.856107196,4.916072514,6.35011094,0.170544887,0.0,16.0,54.54334655083248,-38.54334655083248,0,16.0,0.2933446700980946,"X_INDEX,PREDICTOR_1,PREDICTOR_2,PREDICTOR_3,PREDICTOR_4","14.98285492392809,-1.2077132200576284,-0.271743226652617,0.46759226372304713,-21.30683241264413",64.86177770899303,60.61971452631189,0.35762898940365484,Multiplicative,21.679367243982977,29.279942676993997,5.679367243982977,-199.73285398484677,243.0915884728127,35.4960452748936,,MLR
1100,1150,2016,4,4/1/2016,28.0,9.803074684,5.647253243,40.12829813,0.19015730399999997,1.0,28.0,74.64560594986648,-46.64560594986648,0,28.0,0.3751058035325666,"X_INDEX,PREDICTOR_1,PREDICTOR_2,PREDICTOR_3,PREDICTOR_4","14.98285492392809,-1.2077132200576284,-0.271743226652617,0.46759226372304713,-21.30683241264413",64.86177770899303,81.18275887545659,0.3642677423140199,Multiplicative,29.572260290386033,29.279942676993997,1.5722602903860334,-191.8399609384437,250.98448151921576,5.615215322807262,,MLR
1100,1150,2016,5,5/1/2016,35.0,3.59873932,15.92795861,29.80785052,0.00668293,2.0,35.0,94.04812564229738,-59.04812564229738,0,35.0,0.37214989412036764,"X_INDEX,PREDICTOR_1,PREDICTOR_2,PREDICTOR_3,PREDICTOR_4","14.98285492392809,-1.2077132200576284,-0.271743226652617,0.46759226372304713,-21.30683241264413",64.86177770899303,99.94845586970285,0.5161671030316903,Multiplicative,51.590104918755266,29.279942676993997,16.590104918755266,-169.82211631007448,273.002326147585,47.40029976787219,,MLR
1100,1150,2016,6,6/1/2016,129.0,1.155522324,48.46566663,17.2360567,0.007742719,3.0,129.0,112.77597715256616,16.224022847433844,0,129.0,1.1438606275650849,"X_INDEX,PREDICTOR_1,PREDICTOR_2,PREDICTOR_3,PREDICTOR_4","14.98285492392809,-1.2077132200576284,-0.271743226652617,0.46759226372304713,-21.30683241264413",64.86177770899303,103.13906021596512,1.2742922557573286,Multiplicative,131.42930569929314,29.279942676993997,2.4293056992931383,-89.9829155295366,352.8415269281229,1.8831827126303398,,MLR
1100,1150,2016,7,7/1/2016,179.0,9.673028466,6.603080481,39.14486155,0.230873568,4.0,179.0,130.85329143042165,48.14670856957835,0,179.0,1.367944191875214,"X_INDEX,PREDICTOR_1,PREDICTOR_2,PREDICTOR_3,PREDICTOR_4","14.98285492392809,-1.2077132200576284,-0.271743226652617,0.46759226372304713,-21.30683241264413",64.86177770899303,124.70126065597415,1.6761499031249056,Multiplicative,209.01800596806467,29.279942676993997,30.01800596806467,-12.394215260765066,430.4302271968944,16.769835736348977,,MLR
1100,1150,2016,8,8/1/2016,258.0,0.353673185,45.73671207,28.32584969,0.0033992659999999997,5.0,258.0,148.29355366184572,109.70644633815428,0,258.0,1.7397924159826816,"X_INDEX,PREDICTOR_1,PREDICTOR_2,PREDICTOR_3,PREDICTOR_4","14.98285492392809,-1.2077132200576284,-0.271743226652617,0.46759226372304713,-21.30683241264413",64.86177770899303,140.09279542058346,2.0323016373970324,Multiplicative,284.71081752077924,29.279942676993997,26.710817520779244,63.29859629194951,506.123038749609,10.353030046813661,,MLR
1100,1150,2016,9,9/1/2016,366.0,3.4480847530000003,7.86431045,54.28889581,0.125908833,6.0,366.0,165.09400826725965,200.90599173274035,0,366.0,2.2169187352184645,"X_INDEX,PREDICTOR_1,PREDICTOR_2,PREDICTOR_3,PREDICTOR_4","14.98285492392809,-1.2077132200576284,-0.271743226652617,0.46759226372304713,-21.30683241264413",64.86177770899303,171.15988589822337,2.9346486760498016,Multiplicative,502.2941325440563,29.279942676993997,136.2941325440563,280.8819113152266,723.706353772886,37.23883402843068,,MLR
1100,1150,2016,10,10/1/2016,311.0,6.470706075,0.299034457,13.26646559,0.218156932,7.0,311.0,181.22141700381064,129.77858299618936,0,311.0,1.7161327018729824,"X_INDEX,PREDICTOR_1,PREDICTOR_2,PREDICTOR_3,PREDICTOR_4","14.98285492392809,-1.2077132200576284,-0.271743226652617,0.46759226372304713,-21.30683241264413",64.86177770899303,163.40080780543087,2.077845026469231,Multiplicative,339.52155581956924,29.279942676993997,28.521555819569244,118.10933459073951,560.933777048399,9.170918269957957,,MLR
1100,1150,2016,11,11/1/2016,212.0,1.761476958,40.75073732,55.23826913,0.14423266699999998,8.0,212.0,196.6210754325961,15.378924567403914,0,212.0,1.0782160535617453,"X_INDEX,PREDICTOR_1,PREDICTOR_2,PREDICTOR_3,PREDICTOR_4","14.98285492392809,-1.2077132200576284,-0.271743226652617,0.46759226372304713,-21.30683241264413",64.86177770899303,194.27936728604612,1.086208995808298,Multiplicative,211.0279964460477,29.279942676993997,-0.9720035539523053,-10.384224782782042,432.44021767487743,0.4584922424303327,,MLR
1100,1150,2016,12,12/1/2016,95.0,5.05164294,39.34076372,39.03712412,0.130241821,9.0,95.0,211.20277014888507,-116.20277014888507,0,95.0,0.4498047063162609,"X_INDEX,PREDICTOR_1,PREDICTOR_2,PREDICTOR_3,PREDICTOR_4","14.98285492392809,-1.2077132200576284,-0.271743226652617,0.46759226372304713,-21.30683241264413",64.86177770899303,198.3943665737898,0.42017004623984044,Multiplicative,83.35937017703311,29.279942676993997,-11.640629822966886,-138.0528510517966,304.77159140586286,12.253294550491459,,MLR
1100,1150,2017,1,1/1/2017,22.0,9.004342749,43.04351678,26.46992534,0.121850648,10.0,22.0,224.84932666718237,-202.84932666718237,0,22.0,0.09784329944898601,"X_INDEX,PREDICTOR_1,PREDICTOR_2,PREDICTOR_3,PREDICTOR_4","14.98285492392809,-1.2077132200576284,-0.271743226652617,0.46759226372304713,-21.30683241264413",64.86177770899303,201.8997600101059,0.09784329944898601,Multiplicative,19.754538677347202,29.279942676993997,-2.2454613226527975,-201.65768255148254,241.16675990617694,10.206642375694534,,MLR
1100,1150,2017,2,2/1/2017,115.0,3.996060859,9.49339584,38.17070612,0.014359456999999999,11.0,115.0,237.40030554257632,-122.40030554257632,0,115.0,0.4844138668531555,"X_INDEX,PREDICTOR_1,PREDICTOR_2,PREDICTOR_3,PREDICTOR_4","14.98285492392809,-1.2077132200576284,-0.271743226652617,0.46759226372304713,-21.30683241264413",64.86177770899303,239.80969266590313,0.2618113264351792,Multiplicative,62.78489372887276,29.279942676993997,-52.21510627112724,-158.62732749995698,284.1971149577025,45.40444023576281,,MLR
1100,1150,2017,3,3/1/2017,97.0,0.23015295800000002,43.218773,28.209933000000003,0.23463482600000002,12.0,97.0,248.7693775390918,-151.7693775390918,0,97.0,0.38991937415913397,"X_INDEX,PREDICTOR_1,PREDICTOR_2,PREDICTOR_3,PREDICTOR_4","14.98285492392809,-1.2077132200576284,-0.271743226652617,0.46759226372304713,-21.30683241264413",64.86177770899303,240.82509071432472,0.35762898940365484,Multiplicative,86.12603381520745,29.279942676993997,-10.87396618479255,-135.2861874136223,307.5382550440372,11.210274417311908,,MLR
1100,1150,2017,4,4/1/2017,111.0,0.7331304190000001,4.501688843999999,34.27900384,0.12621117099999998,13.0,111.0,258.78386708980617,-147.78386708980617,0,111.0,0.4289293658382479,"X_INDEX,PREDICTOR_1,PREDICTOR_2,PREDICTOR_3,PREDICTOR_4","14.98285492392809,-1.2077132200576284,-0.271743226652617,0.46759226372304713,-21.30683241264413",64.86177770899303,270.8696137037669,0.3642677423140199,Multiplicative,98.66906264534188,29.279942676993997,-12.330937354658118,-122.74315858348785,320.0812838741716,11.108952571764071,,MLR
1100,1150,2017,5,5/1/2017,160.0,9.323163214,48.60552396,45.46267064,0.13127402800000001,14.0,160.0,267.33002899231406,-107.33002899231406,0,160.0,0.5985111384722145,"X_INDEX,PREDICTOR_1,PREDICTOR_2,PREDICTOR_3,PREDICTOR_4","14.98285492392809,-1.2077132200576284,-0.271743226652617,0.46759226372304713,-21.30683241264413",64.86177770899303,268.61477662837615,0.5161671030316903,Multiplicative,138.6501110837735,29.279942676993997,-21.34988891622649,-82.76211014505623,360.06233231260325,13.343680572641556,,MLR
1100,1150,2017,6,6/1/2017,388.0,8.841617481,38.04485037,16.90549151,0.225145635,15.0,388.0,274.23130463804677,113.76869536195323,0,388.0,1.414863997792355,"X_INDEX,PREDICTOR_1,PREDICTOR_2,PREDICTOR_3,PREDICTOR_4","14.98285492392809,-1.2077132200576284,-0.271743226652617,0.46759226372304713,-21.30683241264413",64.86177770899303,271.6957695834865,1.2742922557573286,Multiplicative,346.21981510226436,29.279942676993997,-41.78018489773564,124.80759387343463,567.6320363310941,10.768088891168977,,MLR
1100,1150,2017,7,7/1/2017,534.0,8.35781504,3.1960475230000003,7.911402321000001,0.258397754,16.0,534.0,279.1125006561655,254.88749934383452,0,534.0,1.913207035674216,"X_INDEX,PREDICTOR_1,PREDICTOR_2,PREDICTOR_3,PREDICTOR_4","14.98285492392809,-1.2077132200576284,-0.271743226652617,0.46759226372304713,-21.30683241264413",64.86177770899303,291.8187813910214,1.6761499031249056,Multiplicative,489.13202215858854,29.279942676993997,-44.86797784141146,267.7198009297588,710.5442433874183,8.402243041462821,,MLR
1100,1150,2017,8,8/1/2017,574.0,1.238612858,48.48311456,27.14637946,0.056493655,17.0,574.0,283.665123785652,290.334876214348,0,574.0,2.0235127686466523,"X_INDEX,PREDICTOR_1,PREDICTOR_2,PREDICTOR_3,PREDICTOR_4","14.98285492392809,-1.2077132200576284,-0.271743226652617,0.46759226372304713,-21.30683241264413",64.86177770899303,316.3892004880512,2.0323016373970324,Multiplicative,642.9982902066043,29.279942676993997,68.99829020660434,421.58606897777463,864.410511435434,12.02060804993107,,MLR
1100,1150,2017,9,9/1/2017,883.0,8.356841961,40.5234804,35.94002158,0.188460808,18.0,883.0,297.4098030444031,585.5901969555969,0,883.0,2.968967367454827,"X_INDEX,PREDICTOR_1,PREDICTOR_2,PREDICTOR_3,PREDICTOR_4","14.98285492392809,-1.2077132200576284,-0.271743226652617,0.46759226372304713,-21.30683241264413",64.86177770899303,326.2382897028164,2.9346486760498016,Multiplicative,957.3947649531218,29.279942676993997,74.39476495312181,735.9825437242921,1178.8069861819515,8.425228194011531,,MLR
1100,1150,2017,10,10/1/2017,706.0,8.838640907,22.54249784,29.83472537,0.258848931,19.0,706.0,317.71915569864535,388.28084430135465,0,706.0,2.222088241571549,"X_INDEX,PREDICTOR_1,PREDICTOR_2,PREDICTOR_3,PREDICTOR_4","14.98285492392809,-1.2077132200576284,-0.271743226652617,0.46759226372304713,-21.30683241264413",64.86177770899303,341.17094267335403,2.077845026469231,Multiplicative,708.9003464096479,29.279942676993997,2.9003464096479092,487.4881251808182,930.3125676384776,0.41081393904361324,,MLR
1100,1150,2017,11,11/1/2017,353.0,2.546984384,24.52082183,58.78279141,0.040511191,20.0,353.0,351.4279128514256,1.5720871485743828,0,353.0,1.004473427098658,"X_INDEX,PREDICTOR_1,PREDICTOR_2,PREDICTOR_3,PREDICTOR_4","14.98285492392809,-1.2077132200576284,-0.271743226652617,0.46759226372304713,-21.30683241264413",64.86177770899303,381.4026955773475,1.086208995808298,Multiplicative,414.2830389616487,29.279942676993997,61.283038961648685,192.87081773281895,635.6952601904784,17.360634266756,,MLR
1100,1150,2017,12,12/1/2017,139.0,5.308532648,41.93929949,18.56100159,0.079926497,21.0,139.0,385.3058042375747,-246.3058042375747,0,139.0,0.36075241657739043,"X_INDEX,PREDICTOR_1,PREDICTOR_2,PREDICTOR_3,PREDICTOR_4","14.98285492392809,-1.2077132200576284,-0.271743226652617,0.46759226372304713,-21.30683241264413",64.86177770899303,368.6698257599492,0.42017004623984044,Multiplicative,154.9040177367918,29.279942676993997,15.904017736791786,-66.50820349203795,376.31623896562155,11.441739378986897,,MLR
1100,1150,2018,1,1/1/2018,51.0,6.617309924,32.17549652,56.01107336,0.292124944,22.0,51.0,417.1795511005736,-366.1795511005736,0,51.0,0.1222495202975683,"X_INDEX,PREDICTOR_1,PREDICTOR_2,PREDICTOR_3,PREDICTOR_4","14.98285492392809,-1.2077132200576284,-0.271743226652617,0.46759226372304713,-21.30683241264413",64.86177770899303,397.7153874760818,0.09784329944898601,Multiplicative,38.91378575229177,29.279942676993997,-12.086214247708227,-182.49843547653796,260.3260069811215,23.69845930923182,,MLR
1100,1150,2018,2,2/1/2018,100.0,9.592390632999999,41.75212504,48.33659661,0.06374859599999999,23.0,100.0,442.09743225833654,-342.09743225833654,0,100.0,0.22619448271657389,"X_INDEX,PREDICTOR_1,PREDICTOR_2,PREDICTOR_3,PREDICTOR_4","14.98285492392809,-1.2077132200576284,-0.271743226652617,0.46759226372304713,-21.30683241264413",64.86177770899303,407.78026477995917,0.2618113264351792,Multiplicative,106.7614920161297,29.279942676993997,6.761492016129694,-114.65072921270004,328.17371324495946,6.7614920161296945,,MLR
1100,1150,2018,3,3/1/2018,148.0,2.498957999,14.81858012,2.1321405209999997,0.158400554,24.0,148.0,454.9106619549457,-306.9106619549457,0,148.0,0.32533860464817577,"X_INDEX,PREDICTOR_1,PREDICTOR_2,PREDICTOR_3,PREDICTOR_4","14.98285492392809,-1.2077132200576284,-0.271743226652617,0.46759226372304713,-21.30683241264413",64.86177770899303,415.02738084992905,0.35762898940365484,Multiplicative,148.4258227882059,29.279942676993997,0.4258227882058918,-72.98639844062384,369.8380440170356,0.2877181001391161,,MLR
1100,1150,2018,4,4/1/2018,138.0,2.617424984,39.90120003,1.746061523,0.21317462199999998,25.0,138.0,454.2940624705907,-316.2940624705907,0,138.0,0.3037680027106531,"X_INDEX,PREDICTOR_1,PREDICTOR_2,PREDICTOR_3,PREDICTOR_4","14.98285492392809,-1.2077132200576284,-0.271743226652617,0.46759226372304713,-21.30683241264413",64.86177770899303,421.70354012260213,0.3642677423140199,Multiplicative,153.61299648629,29.279942676993997,15.612996486290001,-67.79922474253974,375.02521771511977,11.313765569775363,,MLR
1100,1150,2018,5,5/1/2018,232.0,1.628084053,43.38055998,37.96810919,0.23335114899999998,26.0,232.0,447.5539641739184,-215.55396417391842,0,232.0,0.5183732433880205,"X_INDEX,PREDICTOR_1,PREDICTOR_2,PREDICTOR_3,PREDICTOR_4","14.98285492392809,-1.2077132200576284,-0.271743226652617,0.46759226372304713,-21.30683241264413",64.86177770899303,453.4429940543826,0.5161671030316903,Multiplicative,234.05235663106666,29.279942676993997,2.052356631066658,12.640135402236922,455.4645778598964,0.8846364789080423,,MLR
1100,1150,2018,6,6/1/2018,562.0,7.595054952000001,42.67412014,30.81761668,0.281455615,27.0,562.0,431.78392874964385,130.21607125035615,0,562.0,1.3015769290613357,"X_INDEX,PREDICTOR_1,PREDICTOR_2,PREDICTOR_3,PREDICTOR_4","14.98285492392809,-1.2077132200576284,-0.271743226652617,0.46759226372304713,-21.30683241264413",64.86177770899303,457.0429608065995,1.2742922557573286,Multiplicative,582.4063055042501,29.279942676993997,20.4063055042501,360.9940842754204,803.8185267330798,3.631015214279377,,MLR
1100,1150,2018,7,7/1/2018,819.0,2.7918039930000003,18.93237568,39.09765902,0.295244134,28.0,819.0,424.00362776374254,394.99637223625746,0,819.0,1.931587246834482,"X_INDEX,PREDICTOR_1,PREDICTOR_2,PREDICTOR_3,PREDICTOR_4","14.98285492392809,-1.2077132200576284,-0.271743226652617,0.46759226372304713,-21.30683241264413",64.86177770899303,487.8563177368204,1.6761499031249056,Multiplicative,817.7203197134447,29.279942676993997,-1.2796802865552763,596.308098484615,1039.1325409422745,0.1562491192375185,,MLR
1100,1150,2018,8,8/1/2018,924.0,3.9479418969999998,41.85113386,3.893019919,0.159523521,29.0,924.0,424.34726012471907,499.65273987528093,0,924.0,2.177461920523368,"X_INDEX,PREDICTOR_1,PREDICTOR_2,PREDICTOR_3,PREDICTOR_4","14.98285492392809,-1.2077132200576284,-0.271743226652617,0.46759226372304713,-21.30683241264413",64.86177770899303,481.64523179651655,2.0323016373970324,Multiplicative,978.8483932245338,29.279942676993997,54.848393224533766,757.4361719957041,1200.2606144533636,5.935973292698459,,MLR
1100,1150,2018,9,9/1/2018,1423.0,3.158632588,27.10258774,9.622954205,0.13041898,30.0,1423.0,439.54473237478305,983.455267625217,0,1423.0,3.237440686211346,"X_INDEX,PREDICTOR_1,PREDICTOR_2,PREDICTOR_3,PREDICTOR_4","14.98285492392809,-1.2077132200576284,-0.271743226652617,0.46759226372304713,-21.30683241264413",64.86177770899303,504.88856204003116,2.9346486760498016,Multiplicative,1481.6705501434656,29.279942676993997,58.67055014346556,1260.2583289146357,1703.0827713722954,4.123018281339815,,MLR
1100,1150,2018,10,10/1/2018,982.0,4.459481169,24.17761904,11.83644463,0.109013129,31.0,982.0,471.8177443365366,510.1822556634634,0,982.0,2.08131214179084,"X_INDEX,PREDICTOR_1,PREDICTOR_2,PREDICTOR_3,PREDICTOR_4","14.98285492392809,-1.2077132200576284,-0.271743226652617,0.46759226372304713,-21.30683241264413",64.86177770899303,520.5863072462504,2.077845026469231,Multiplicative,1081.6976693596046,29.279942676993997,99.69766935960456,860.2854481307749,1303.1098905884344,10.152512154745882,,MLR
1100,1150,2018,11,11/1/2018,574.0,0.963994391,13.75100958,44.89433495,0.16182317400000001,32.0,574.0,524.5832419383141,49.41675806168587,0,574.0,1.0942019380548509,"X_INDEX,PREDICTOR_1,PREDICTOR_2,PREDICTOR_3,PREDICTOR_4","14.98285492392809,-1.2077132200576284,-0.271743226652617,0.46759226372304713,-21.30683241264413",64.86177770899303,556.9564672503307,1.086208995808298,Multiplicative,604.971125000919,29.279942676993997,30.97112500091896,383.55890377208925,826.3833462297487,5.395666376466718,,MLR
1100,1150,2018,12,12/1/2018,230.0,6.19624718,12.52597617,57.21026473,0.0069865759999999996,33.0,230.0,586.4411890965354,-356.44118909653537,0,230.0,0.39219618996123956,"X_INDEX,PREDICTOR_1,PREDICTOR_2,PREDICTOR_3,PREDICTOR_4","14.98285492392809,-1.2077132200576284,-0.271743226652617,0.46759226372304713,-21.30683241264413",64.86177770899303,575.0110667725048,0.42017004623984044,Multiplicative,241.60242651422334,29.279942676993997,11.602426514223339,20.190205285393603,463.01464774305305,5.044533267053626,,MLR
1100,1150,2019,1,1/1/2019,30.0,7.856698596,18.86264106,54.236202600000006,0.167323085,34.0,30.0,633.1270903852724,-603.1270903852724,0,30.0,0.047383851450337265,"X_INDEX,PREDICTOR_1,PREDICTOR_2,PREDICTOR_3,PREDICTOR_4","14.98285492392809,-1.2077132200576284,-0.271743226652617,0.46759226372304713,-21.30683241264413",64.86177770899303,581.4597152359303,0.09784329944898601,Multiplicative,56.89193703535126,29.279942676993997,26.891937035351262,-164.52028419347846,278.304158264181,89.63979011783753,,MLR
1100,1150,2019,2,2/1/2019,174.0,0.194373908,6.07403312,56.07068804,0.07088299599999999,35.0,174.0,664.6007350758371,-490.60073507583706,0,174.0,0.2618113264351792,"X_INDEX,PREDICTOR_1,PREDICTOR_2,PREDICTOR_3,PREDICTOR_4","14.98285492392809,-1.2077132200576284,-0.271743226652617,0.46759226372304713,-21.30683241264413",64.86177770899303,612.0843025817809,0.2618113264351792,Multiplicative,160.25060314908762,29.279942676993997,-13.749396850912376,-61.16161807974211,381.66282437791733,7.901952213168033,,MLR
1100,1150,2019,3,3/1/2019,374.0,0.711387909,8.081814807999999,44.63765957,0.17815768699999998,36.0,374.0,680.2582732405233,-306.2582732405233,0,374.0,0.5497911818380229,"X_INDEX,PREDICTOR_1,PREDICTOR_2,PREDICTOR_3,PREDICTOR_4","14.98285492392809,-1.2077132200576284,-0.271743226652617,0.46759226372304713,-21.30683241264413",64.86177770899303,618.2654722606826,0.35762898940365484,Multiplicative,221.1096560277613,29.279942676993997,-152.8903439722387,-0.30256520106843254,442.52187725659104,40.87977111557184,,MLR
1100,1150,2019,4,4/1/2019,243.0,5.686252606,29.35142404,9.561312916,0.139429048,37.0,243.0,687.5483667551894,-444.54836675518936,0,243.0,0.3534296810954732,"X_INDEX,PREDICTOR_1,PREDICTOR_2,PREDICTOR_3,PREDICTOR_4","14.98285492392809,-1.2077132200576284,-0.271743226652617,0.46759226372304713,-21.30683241264413",64.86177770899303,605.8840013653665,0.3642677423140199,Multiplicative,220.70399728154663,29.279942676993997,-22.296002718453366,-0.708223947283102,442.11621851037637,9.175309760680397,,MLR
1100,1150,2019,5,5/1/2019,355.0,4.622752421,14.58179644,13.57799162,0.034017518,38.0,355.0,690.7139370120475,-335.7139370120475,0,355.0,0.5139609626753602,"X_INDEX,PREDICTOR_1,PREDICTOR_2,PREDICTOR_3,PREDICTOR_4","14.98285492392809,-1.2077132200576284,-0.271743226652617,0.46759226372304713,-21.30683241264413",64.86177770899303,630.2889594746562,0.5161671030316903,Multiplicative,325.3344262848917,29.279942676993997,-29.66557371510828,103.92220505606198,546.7466475137214,8.35649963805867,,MLR
1100,1150,2019,6,6/1/2019,862.0,7.844531815,16.12146571,3.424316625,0.123445036,39.0,862.0,691.2548184383367,170.74518156166334,0,862.0,1.2470075824533218,"X_INDEX,PREDICTOR_1,PREDICTOR_2,PREDICTOR_3,PREDICTOR_4","14.98285492392809,-1.2077132200576284,-0.271743226652617,0.46759226372304713,-21.30683241264413",64.86177770899303,634.3092371218088,1.2742922557573286,Multiplicative,808.29534861966,29.279942676993997,-53.70465138034001,586.8831273908303,1029.7075698484898,6.230237979157774,,MLR
1100,1150,2019,7,7/1/2019,993.0,2.942386447,47.06166918,21.43169482,0.243300778,40.0,993.0,690.0180588099465,302.9819411900535,0,993.0,1.4390927705755954,"X_INDEX,PREDICTOR_1,PREDICTOR_2,PREDICTOR_3,PREDICTOR_4","14.98285492392809,-1.2077132200576284,-0.271743226652617,0.46759226372304713,-21.30683241264413",64.86177770899303,652.6710516145184,1.6761499031249056,Multiplicative,1093.9745199361053,29.279942676993997,100.97451993610525,872.5622987072755,1315.386741164935,10.168632420554406,,MLR
1100,1150,2019,8,8/1/2019,1403.0,1.8973035480000002,18.08699279,50.06459014,0.264270171,41.0,1403.0,687.3776521787769,715.6223478212231,0,1403.0,2.041090506147413,"X_INDEX,PREDICTOR_1,PREDICTOR_2,PREDICTOR_3,PREDICTOR_4","14.98285492392809,-1.2077132200576284,-0.271743226652617,0.46759226372304713,-21.30683241264413",64.86177770899303,689.731468022237,2.0323016373970324,Multiplicative,1401.7423918258512,29.279942676993997,-1.2576081741487997,1180.3301705970214,1623.154613054681,0.08963707584809691,,MLR
1100,1150,2019,9,9/1/2019,1982.0,0.037533116,21.82245933,59.41304359,0.289156163,42.0,1404.5,683.3705166285586,1298.6294833714414,1,1404.5,2.900329984644776,"X_INDEX,PREDICTOR_1,PREDICTOR_2,PREDICTOR_3,PREDICTOR_4","14.98285492392809,-1.2077132200576284,-0.271743226652617,0.46759226372304713,-21.30683241264413",64.86177770899303,709.78632740256,2.9346486760498016,Multiplicative,2082.9735059901736,29.279942676993997,678.4735059901736,1861.5612847613438,2304.3857272190035,48.307120398018775,,MLR
1100,1150,2019,10,10/1/2019,1406.0,5.418338391,16.94130825,37.13298803,0.027578156,43.0,1406.0,677.7935652150039,728.2064347849961,0,1406.0,2.074377911147623,"X_INDEX,PREDICTOR_1,PREDICTOR_2,PREDICTOR_3,PREDICTOR_4","14.98285492392809,-1.2077132200576284,-0.271743226652617,0.46759226372304713,-21.30683241264413",64.86177770899303,714.7525495483796,2.077845026469231,Multiplicative,1485.1450302353035,29.279942676993997,79.14503023530347,1263.7328090064736,1706.5572514641333,5.629091766380047,,MLR
1100,1150,2019,11,11/1/2019,899.0,9.523986015,1.226007146,33.90763173,0.192986312,44.0,899.0,670.3038679244592,228.69613207554085,0,899.0,1.3411827724994034,"X_INDEX,PREDICTOR_1,PREDICTOR_2,PREDICTOR_3,PREDICTOR_4","14.98285492392809,-1.2077132200576284,-0.271743226652617,0.46759226372304713,-21.30683241264413",64.86177770899303,724.0150106765161,1.086208995808298,Multiplicative,786.4316176970729,29.279942676993997,-112.56838230292715,565.0193964682431,1007.8438389259026,12.52151082346242,,MLR
1100,1150,2019,12,12/1/2019,296.0,7.457553142999999,22.97045252,3.6731480289999996,0.19038670300000002,45.0,296.0,660.502125180247,-364.50212518024705,0,296.0,0.4481439025184414,"X_INDEX,PREDICTOR_1,PREDICTOR_2,PREDICTOR_3,PREDICTOR_4","14.98285492392809,-1.2077132200576284,-0.271743226652617,0.46759226372304713,-21.30683241264413",64.86177770899303,721.5025969076712,0.42017004623984044,Multiplicative,303.1537795048612,29.279942676993997,7.153779504861177,81.74155827603144,524.5660007336909,2.416817400290938,,MLR
1100,1150,2020,1,1/1/2020,179.0,1.5763466080000001,42.98489004,52.52554939,0.036090145,46.0,179.0,648.016352035165,-469.016352035165,0,179.0,0.27622759740218167,"X_INDEX,PREDICTOR_1,PREDICTOR_2,PREDICTOR_3,PREDICTOR_4","14.98285492392809,-1.2077132200576284,-0.271743226652617,0.46759226372304713,-21.30683241264413",64.86177770899303,764.2800507263368,0.09784329944898601,Multiplicative,74.77968186610319,29.279942676993997,-104.22031813389681,-146.63253936272656,296.1919030949329,58.223641415584815,,MLR
1100,1150,2020,2,2/1/2020,242.0,5.387198808,5.25317299,0.822491375,0.16880280600000003,47.0,242.0,632.5621554916283,-390.56215549162835,0,242.0,0.38257110056152066,"X_INDEX,PREDICTOR_1,PREDICTOR_2,PREDICTOR_3,PREDICTOR_4","14.98285492392809,-1.2077132200576284,-0.271743226652617,0.46759226372304713,-21.30683241264413",64.86177770899303,757.9101912413489,0.2618113264351792,Multiplicative,198.4294724876379,29.279942676993997,-43.570527512362105,-22.98274874119184,419.8416937164676,18.004350211719878,,MLR
1100,1150,2020,3,3/1/2020,436.0,5.1486988810000005,25.68516045,14.09313705,0.028459192999999997,48.0,436.0,613.9495400785254,-177.9495400785254,0,436.0,0.7101560821174892,"X_INDEX,PREDICTOR_1,PREDICTOR_2,PREDICTOR_3,PREDICTOR_4","14.98285492392809,-1.2077132200576284,-0.271743226652617,0.46759226372304713,-21.30683241264413",64.86177770899303,776.824360575407,0.35762898940365484,Multiplicative,277.81491101672316,29.279942676993997,-158.18508898327684,56.40268978789342,499.22713224555287,36.28098371176075,,MLR
1100,1150,2020,4,4/1/2020,410.0,9.174019497,13.42874251,23.91609279,0.070336996,49.0,410.0,592.0709929306265,-182.07099293062652,0,410.0,0.6924845244834348,"X_INDEX,PREDICTOR_1,PREDICTOR_2,PREDICTOR_3,PREDICTOR_4","14.98285492392809,-1.2077132200576284,-0.271743226652617,0.46759226372304713,-21.30683241264413",64.86177770899303,793.9772359152272,0.3642677423140199,Multiplicative,289.2202951755658,29.279942676993997,-120.77970482443419,67.80807394673607,510.6325164043956,29.458464591325413,,MLR
1100,1150,2020,5,5/1/2020,533.0,8.795125587000001,14.16812955,44.81528736,0.07568974099999999,50.0,533.0,566.8853980093211,-33.88539800932108,0,533.0,0.9402253116268062,"X_INDEX,PREDICTOR_1,PREDICTOR_2,PREDICTOR_3,PREDICTOR_4","14.98285492392809,-1.2077132200576284,-0.271743226652617,0.46759226372304713,-21.30683241264413",64.86177770899303,818.875014261579,0.5161671030316903,Multiplicative,422.6763438564334,29.279942676993997,-110.32365614356661,201.26412262760365,644.0885650852631,20.698622165772345,,MLR
1100,1150,2020,6,6/1/2020,944.0,1.105730773,6.323660332,34.43214985,0.22646506800000002,51.0,944.0,538.4144497317175,405.58555026828253,0,944.0,1.7532961837676881,"X_INDEX,PREDICTOR_1,PREDICTOR_2,PREDICTOR_3,PREDICTOR_4","14.98285492392809,-1.2077132200576284,-0.271743226652617,0.46759226372304713,-21.30683241264413",64.86177770899303,837.2085149360947,1.2742922557573286,Multiplicative,1066.8483270371594,29.279942676993997,122.84832703715938,845.4361058083297,1288.2605482659892,13.013593965800782,,MLR
1100,1150,2020,7,7/1/2020,,0.7835056770000001,3.613182187,29.71903416,0.242484405,52.0,,,,0,,,"X_INDEX,PREDICTOR_1,PREDICTOR_2,PREDICTOR_3,PREDICTOR_4","14.98285492392809,-1.2077132200576284,-0.271743226652617,0.46759226372304713,-21.30683241264413",64.86177770899303,850.7719416816935,1.6761499031249056,Multiplicative,1426.0213076311584,29.279942676993997,,1204.6090864023286,1647.4335288599882,,,MLR
1100,1150,2020,8,8/1/2020,,4.954976352,7.245132787,49.68195107,0.22699242,53.0,,,,0,,,"X_INDEX,PREDICTOR_1,PREDICTOR_2,PREDICTOR_3,PREDICTOR_4","14.98285492392809,-1.2077132200576284,-0.271743226652617,0.46759226372304713,-21.30683241264413",64.86177770899303,869.3944889858509,2.0323016373970324,Multiplicative,1766.871843509901,29.279942676993997,,1545.4596222810712,1988.2840647387309,,,MLR
1100,1150,2020,9,9/1/2020,,2.407265293,34.01946947,58.48641872,0.02576624,54.0,,,,0,,,"X_INDEX,PREDICTOR_1,PREDICTOR_2,PREDICTOR_3,PREDICTOR_4","14.98285492392809,-1.2077132200576284,-0.271743226652617,0.46759226372304713,-21.30683241264413",64.86177770899303,888.5828970485347,2.9346486760498016,Multiplicative,2607.6786223839795,29.279942676993997,,2386.2664011551497,2829.0908436128093,,,MLR
1100,1150,2020,10,10/1/2020,,5.801920871,18.87592963,15.40295904,0.051294892,55.0,,,,0,,,"X_INDEX,PREDICTOR_1,PREDICTOR_2,PREDICTOR_3,PREDICTOR_4","14.98285492392809,-1.2077132200576284,-0.271743226652617,0.46759226372304713,-21.30683241264413",64.86177770899303,882.8917087817573,2.077845026469231,Multiplicative,1834.5121460030953,29.279942676993997,,1613.0999247742654,2055.924367231925,,,MLR
1100,1150,2020,11,11/1/2020,,3.795323378,27.025922100000003,50.67836693,0.026642332,56.0,,,,0,,,"X_INDEX,PREDICTOR_1,PREDICTOR_2,PREDICTOR_3,PREDICTOR_4","14.98285492392809,-1.2077132200576284,-0.271743226652617,0.46759226372304713,-21.30683241264413",64.86177770899303,915.1030285678253,1.086208995808298,Multiplicative,993.9931417217898,29.279942676993997,,772.5809204929601,1215.4053629506195,,,MLR
1100,1150,2020,12,12/1/2020,,5.222782047,5.887978711000001,20.2238143,0.206665278,57.0,,,,0,,,"X_INDEX,PREDICTOR_1,PREDICTOR_2,PREDICTOR_3,PREDICTOR_4","14.98285492392809,-1.2077132200576284,-0.271743226652617,0.46759226372304713,-21.30683241264413",64.86177770899303,916.0299837816566,0.42017004623984044,Multiplicative,384.8883606426189,29.279942676993997,,163.47613941378918,606.3005818714487,,,MLR
1733,993243,2015,1,1/1/2015,1.0,1.940607596,46.82919871,52.13496603,0.06888390700000001,0.0,1.0,3.385832381368897,-2.385832381368897,0,1.0,0.29534834786939407,"X_INDEX,PREDICTOR_1,PREDICTOR_2,PREDICTOR_3,PREDICTOR_4","15.582165994636627,-2.779208186776352,-0.014673868267587778,-0.5652515887601477,3.992001374831383",53.905921087727165,18.631015349690287,0.13734485260363205,Multiplicative,2.5588740570592186,27.052163879293147,1.5588740570592186,-190.11131491290536,195.2290630270238,155.88740570592185,,MLR
1733,993243,2015,2,2/1/2015,15.0,8.084178577000001,46.51589635,44.78310034,0.032553437000000005,1.0,15.0,24.557894485835458,-9.557894485835458,0,15.0,0.6108015493205953,"X_INDEX,PREDICTOR_1,PREDICTOR_2,PREDICTOR_3,PREDICTOR_4","15.582165994636627,-2.779208186776352,-0.014673868267587778,-0.5652515887601477,3.992001374831383",53.905921087727165,21.1541384108841,0.2826739483887769,Multiplicative,5.979723829367296,27.052163879293147,-9.020276170632705,-186.6904651405973,198.64991279933187,60.1351744708847,,MLR
1733,993243,2015,3,3/1/2015,27.0,9.567486529,35.2796083,44.76455795,0.109701375,2.0,27.0,45.27675308465766,-18.276753084657663,0,27.0,0.5963325141605424,"X_INDEX,PREDICTOR_1,PREDICTOR_2,PREDICTOR_3,PREDICTOR_4","15.582165994636627,-2.779208186776352,-0.014673868267587778,-0.5652515887601477,3.992001374831383",53.905921087727165,33.09721840244255,0.4469032141667781,Multiplicative,14.791253284031411,27.052163879293147,-12.208746715968589,-177.8789356859332,207.46144225399598,45.21758042951329,,MLR
1733,993243,2015,4,4/1/2015,33.0,2.6514365559999997,14.38710676,32.34570605,0.11403058199999999,3.0,33.0,65.55717170838054,-32.55717170838054,0,33.0,0.5033774206549766,"X_INDEX,PREDICTOR_1,PREDICTOR_2,PREDICTOR_3,PREDICTOR_4","15.582165994636627,-2.779208186776352,-0.014673868267587778,-0.5652515887601477,3.992001374831383",53.905921087727165,75.24415888492139,0.5123063387243254,Multiplicative,38.5480595487255,27.052163879293147,5.548059548725497,-154.1221294212391,231.21824851869007,16.812301662804536,,MLR
1733,993243,2015,5,5/1/2015,43.0,4.544479855,25.75510491,26.11495987,0.207827382,4.0,43.0,85.41376316725031,-42.41376316725031,0,43.0,0.5034317468930726,"X_INDEX,PREDICTOR_1,PREDICTOR_2,PREDICTOR_3,PREDICTOR_4","15.582165994636627,-2.779208186776352,-0.014673868267587778,-0.5652515887601477,3.992001374831383",53.905921087727165,89.29472706969683,0.6279721388294623,Multiplicative,56.07460074415061,27.052163879293147,13.074600744150608,-136.59558822581397,248.7447897141152,30.406048242210716,,MLR
1733,993243,2015,6,6/1/2015,123.0,2.720507045,27.300572600000002,23.354629100000004,0.157957037,5.0,123.0,104.86007181527822,18.139928184721782,0,123.0,1.1729917581658453,"X_INDEX,PREDICTOR_1,PREDICTOR_2,PREDICTOR_3,PREDICTOR_4","15.582165994636627,-2.779208186776352,-0.014673868267587778,-0.5652515887601477,3.992001374831383",53.905921087727165,111.28461410849076,1.1795388167220235,Multiplicative,131.26452204489618,27.052163879293147,8.264522044896182,-61.4056669250684,323.9347110148608,6.719123613736734,,MLR
1733,993243,2015,7,7/1/2015,165.0,2.211826624,19.31582686,25.84790518,0.165124148,6.0,165.0,123.90605942680443,41.09394057319557,0,165.0,1.3316540027444839,"X_INDEX,PREDICTOR_1,PREDICTOR_2,PREDICTOR_3,PREDICTOR_4","15.582165994636627,-2.779208186776352,-0.014673868267587778,-0.5652515887601477,3.992001374831383",53.905921087727165,127.01695885229026,1.6265432878631476,Multiplicative,206.59858186598234,27.052163879293147,41.59858186598234,13.928392896017755,399.26877083594695,25.211261736958996,,MLR
1733,993243,2015,8,8/1/2015,223.0,7.860135289,15.121616399999999,45.01946494,0.244268727,7.0,223.0,142.55140016432512,80.44859983567488,0,223.0,1.5643480158240348,"X_INDEX,PREDICTOR_1,PREDICTOR_2,PREDICTOR_3,PREDICTOR_4","15.582165994636627,-2.779208186776352,-0.014673868267587778,-0.5652515887601477,3.992001374831383",53.905921087727165,116.442035110324,2.1072888885443524,Multiplicative,245.3770067474771,27.052163879293147,22.37700674747711,52.706817777512526,438.0471957174417,10.034532173756553,,MLR
1733,993243,2015,9,9/1/2015,365.0,8.504953132,33.1446687,34.29512007,0.25594001,8.0,365.0,160.77854971936284,204.22145028063716,0,365.0,2.2702033364345144,"X_INDEX,PREDICTOR_1,PREDICTOR_2,PREDICTOR_3,PREDICTOR_4","15.582165994636627,-2.779208186776352,-0.014673868267587778,-0.5652515887601477,3.992001374831383",53.905921087727165,136.0761949354468,2.862189093344305,Multiplicative,389.4758010080294,27.052163879293147,24.475801008029407,196.80561203806482,582.145989977994,6.7056989063094266,,MLR
1733,993243,2015,10,10/1/2015,317.0,2.140530741,13.50314384,5.516073887999999,0.035508253,9.0,317.0,178.54016601701235,138.45983398298765,0,317.0,1.7755108392236758,"X_INDEX,PREDICTOR_1,PREDICTOR_2,PREDICTOR_3,PREDICTOR_4","15.582165994636627,-2.779208186776352,-0.014673868267587778,-0.5652515887601477,3.992001374831383",53.905921087727165,185.0220705920002,2.1696830151600444,Multiplicative,401.4392439932056,27.052163879293147,84.4392439932056,208.769055023241,594.1094329631702,26.636985486815647,,MLR
1733,993243,2015,11,11/1/2015,168.0,6.179729697000001,20.1855781,10.83023503,0.046780205,10.0,168.0,195.73377702606592,-27.733777026065923,0,168.0,0.8583086810695294,"X_INDEX,PREDICTOR_1,PREDICTOR_2,PREDICTOR_3,PREDICTOR_4","15.582165994636627,-2.779208186776352,-0.014673868267587778,-0.5652515887601477,3.992001374831383",53.905921087727165,186.32156423950318,1.0582942879561943,Multiplicative,197.18304715772933,27.052163879293147,29.183047157729334,4.512858187764749,389.8532361276939,17.370861403410316,,MLR
1733,993243,2015,12,12/1/2015,98.0,0.125152035,21.00827305,15.28289273,0.19450614600000002,11.0,98.0,212.1829761172711,-114.1829761172711,0,98.0,0.4618655171743681,"X_INDEX,PREDICTOR_1,PREDICTOR_2,PREDICTOR_3,PREDICTOR_4","15.582165994636627,-2.779208186776352,-0.014673868267587778,-0.5652515887601477,3.992001374831383",53.905921087727165,216.79144024296286,0.4382843726470079,Multiplicative,95.01630038212829,27.052163879293147,-2.9836996178717072,-97.65388858783629,287.68648935209285,3.0445914468078645,,MLR
1733,993243,2016,1,1/1/2016,31.0,0.6371600239999999,39.14126211,10.51165057,0.23631958600000003,12.0,31.0,227.63484365205022,-196.63484365205022,0,31.0,0.13618301795389837,"X_INDEX,PREDICTOR_1,PREDICTOR_2,PREDICTOR_3,PREDICTOR_4","15.582165994636627,-2.779208186776352,-0.014673868267587778,-0.5652515887601477,3.992001374831383",53.905921087727165,233.54841987137758,0.13734485260363205,Multiplicative,32.076673303045524,27.052163879293147,1.0766733030455242,-160.59351566691907,224.7468622730101,3.4731396872436266,,MLR
1733,993243,2016,2,2/1/2016,52.0,3.0869412410000003,6.470588577000001,15.46190657,0.084351127,13.0,52.0,241.76051158072306,-189.76051158072306,0,52.0,0.2150888896619387,"X_INDEX,PREDICTOR_1,PREDICTOR_2,PREDICTOR_3,PREDICTOR_4","15.582165994636627,-2.779208186776352,-0.014673868267587778,-0.5652515887601477,3.992001374831383",53.905921087727165,239.396740645525,0.2826739483887769,Multiplicative,67.67122190967454,27.052163879293147,15.671221909674543,-124.99896706029004,260.3414108796391,30.13696521091258,,MLR
1733,993243,2016,3,3/1/2016,131.0,1.806888558,32.81397336,35.85675062,0.081608482,14.0,131.0,256.9626411552539,-125.96264115525389,0,131.0,0.5098017338670305,"X_INDEX,PREDICTOR_1,PREDICTOR_2,PREDICTOR_3,PREDICTOR_4","15.582165994636627,-2.779208186776352,-0.014673868267587778,-0.5652515887601477,3.992001374831383",53.905921087727165,246.61071353384355,0.4469032141667781,Multiplicative,110.21112052623724,27.052163879293147,-20.788879473762762,-82.45906844372735,302.8813094962018,15.869373644093713,,MLR
1733,993243,2016,4,4/1/2016,146.0,3.660991932,27.124024699999996,4.258131416,0.269014939,15.0,146.0,265.23368454770605,-119.23368454770605,0,146.0,0.5504579866956523,"X_INDEX,PREDICTOR_1,PREDICTOR_2,PREDICTOR_3,PREDICTOR_4","15.582165994636627,-2.779208186776352,-0.014673868267587778,-0.5652515887601477,3.992001374831383",53.905921087727165,275.73273035110003,0.5123063387243254,Multiplicative,141.25962555263374,27.052163879293147,-4.740374447366264,-51.41056341733085,333.92981452259835,3.246831813264565,,MLR
1733,993243,2016,5,5/1/2016,178.0,1.821153833,17.18394041,3.085990167,0.202052272,16.0,178.0,271.02516807818347,-93.02516807818347,0,178.0,0.6567655736999738,"X_INDEX,PREDICTOR_1,PREDICTOR_2,PREDICTOR_3,PREDICTOR_4","15.582165994636627,-2.779208186776352,-0.014673868267587778,-0.5652515887601477,3.992001374831383",53.905921087727165,296.96928858478293,0.6279721388294623,Multiplicative,186.48843931924998,27.052163879293147,8.488439319249977,-6.1817496507146075,379.15862828921456,4.7687861344100995,,MLR
1733,993243,2016,6,6/1/2016,331.0,5.130176788,44.23810879,6.074083542,0.201405442,17.0,331.0,279.0691693570354,51.93083064296462,0,331.0,1.1860858752782018,"X_INDEX,PREDICTOR_1,PREDICTOR_2,PREDICTOR_3,PREDICTOR_4","15.582165994636627,-2.779208186776352,-0.014673868267587778,-0.5652515887601477,3.992001374831383",53.905921087727165,301.26639491592374,1.1795388167220235,Multiplicative,355.35540697723854,27.052163879293147,24.355406977238545,162.68521800727396,548.0255959472031,7.3581289961445755,,MLR
1733,993243,2016,7,7/1/2016,504.0,2.873547468,36.02422326,25.37912939,0.27799229,18.0,504.0,287.394237015567,216.605762984433,0,504.0,1.7536886098822515,"X_INDEX,PREDICTOR_1,PREDICTOR_2,PREDICTOR_3,PREDICTOR_4","15.582165994636627,-2.779208186776352,-0.014673868267587778,-0.5652515887601477,3.992001374831383",53.905921087727165,312.63426003129666,1.6265432878631476,Multiplicative,508.5131572099675,27.052163879293147,4.513157209967517,315.84296824000296,701.1833461799321,0.8954677003903804,,MLR
1733,993243,2016,8,8/1/2016,619.0,4.575647711,1.254346571,31.29574272,0.00619602,19.0,619.0,293.5387210016055,325.4612789983945,0,619.0,2.108750756587968,"X_INDEX,PREDICTOR_1,PREDICTOR_2,PREDICTOR_3,PREDICTOR_4","15.582165994636627,-2.779208186776352,-0.014673868267587778,-0.5652515887601477,3.992001374831383",53.905921087727165,319.56675751771235,2.1072888885443524,Multiplicative,673.4194772652227,27.052163879293147,54.41947726522267,480.7492882952581,866.0896662351872,8.791514905528702,,MLR
1733,993243,2016,9,9/1/2016,850.0,0.5108287779999999,24.61766846,49.41787238,0.19300777800000002,20.0,850.0,306.2921712138944,543.7078287861057,0,850.0,2.775128063610923,"X_INDEX,PREDICTOR_1,PREDICTOR_2,PREDICTOR_3,PREDICTOR_4","15.582165994636627,-2.779208186776352,-0.014673868267587778,-0.5652515887601477,3.992001374831383",53.905921087727165,336.6052614737519,2.862189093344305,Multiplicative,963.4279081524807,27.052163879293147,113.42790815248065,770.7577191825161,1156.0980971224453,13.344459782644783,,MLR
1733,993243,2016,10,10/1/2016,721.0,6.4416841289999995,47.82649328,29.10276626,0.29619245899999996,21.0,721.0,330.18047409125603,390.81952590874397,0,721.0,2.183654263579282,"X_INDEX,PREDICTOR_1,PREDICTOR_2,PREDICTOR_3,PREDICTOR_4","15.582165994636627,-2.779208186776352,-0.014673868267587778,-0.5652515887601477,3.992001374831383",53.905921087727165,347.25884188282333,2.1696830151600444,Multiplicative,753.4416110973092,27.052163879293147,32.44161109730919,560.7714221273446,946.1118000672737,4.499529971887544,,MLR
1733,993243,2016,11,11/1/2016,396.0,5.410781185,0.902391389,37.49814615,0.248482333,22.0,396.0,369.25414322270035,26.74585677729965,0,396.0,1.0724321101555494,"X_INDEX,PREDICTOR_1,PREDICTOR_2,PREDICTOR_3,PREDICTOR_4","15.582165994636627,-2.779208186776352,-0.014673868267587778,-0.5652515887601477,3.992001374831383",53.905921087727165,361.45869915926716,1.0582942879561943,Multiplicative,382.5296766523289,27.052163879293147,-13.470323347671126,189.8594876823643,575.1998656222935,3.4015968049674563,,MLR
1733,993243,2016,12,12/1/2016,180.0,3.0484275889999997,44.82724192,21.64538879,0.049516215,23.0,180.0,410.69226108358447,-230.69226108358447,0,180.0,0.4382843726470079,"X_INDEX,PREDICTOR_1,PREDICTOR_2,PREDICTOR_3,PREDICTOR_4","15.582165994636627,-2.779208186776352,-0.014673868267587778,-0.5652515887601477,3.992001374831383",53.905921087727165,391.1283134049704,0.4382843726470079,Multiplicative,171.42542746517975,27.052163879293147,-8.574572534820248,-21.244761504784833,364.09561643514434,4.763651408233471,,MLR
1733,993243,2017,1,1/1/2017,62.0,1.5024187709999999,37.17147602,12.809725,0.175269598,24.0,62.0,447.63181640887456,-385.63181640887456,0,62.0,0.1385066872533657,"X_INDEX,PREDICTOR_1,PREDICTOR_2,PREDICTOR_3,PREDICTOR_4","15.582165994636627,-2.779208186776352,-0.014673868267587778,-0.5652515887601477,3.992001374831383",53.905921087727165,416.6158801365989,0.13734485260363205,Multiplicative,57.220046649693614,27.052163879293147,-4.779953350306386,-135.45014232027097,249.8902356196582,7.709602177913526,,MLR
1733,993243,2017,2,2/1/2017,138.0,8.520490177000001,23.10813133,16.88770785,0.28618378899999997,25.0,138.0,475.7449806531875,-337.7449806531875,0,138.0,0.29007137355506935,"X_INDEX,PREDICTOR_1,PREDICTOR_2,PREDICTOR_3,PREDICTOR_4","15.582165994636627,-2.779208186776352,-0.014673868267587778,-0.5652515887601477,3.992001374831383",53.905921087727165,411.0374116097432,0.2826739483887769,Multiplicative,116.18956807522899,27.052163879293147,-21.81043192477101,-76.4806208947356,308.8597570451936,15.804660815051456,,MLR
1733,993243,2017,3,3/1/2017,152.0,3.257275982,24.01599699,29.88214332,0.040849817000000004,26.0,152.0,485.4767989537853,-333.4767989537853,0,152.0,0.31309426182170563,"X_INDEX,PREDICTOR_1,PREDICTOR_2,PREDICTOR_3,PREDICTOR_4","15.582165994636627,-2.779208186776352,-0.014673868267587778,-0.5652515887601477,3.992001374831383",53.905921087727165,432.9093248348062,0.4469032141667781,Multiplicative,193.4685687114447,27.052163879293147,41.4685687114447,0.7983797414801188,386.1387576814093,27.281953099634677,,MLR
1733,993243,2017,4,4/1/2017,249.0,0.174629592,14.55646492,21.25286465,0.274927131,27.0,249.0,486.19416122782513,-237.19416122782513,0,249.0,0.5121410741979713,"X_INDEX,PREDICTOR_1,PREDICTOR_2,PREDICTOR_3,PREDICTOR_4","15.582165994636627,-2.779208186776352,-0.014673868267587778,-0.5652515887601477,3.992001374831383",53.905921087727165,463.009765278312,0.5123063387243254,Multiplicative,237.2028376433413,27.052163879293147,-11.797162356658703,44.53264867337671,429.8730266133059,4.737816207493455,,MLR
1733,993243,2017,5,5/1/2017,302.0,2.165701837,15.72552778,21.76390844,0.095301267,28.0,302.0,478.5969202440622,-176.59692024406218,0,302.0,0.6310111645641056,"X_INDEX,PREDICTOR_1,PREDICTOR_2,PREDICTOR_3,PREDICTOR_4","15.582165994636627,-2.779208186776352,-0.014673868267587778,-0.5652515887601477,3.992001374831383",53.905921087727165,472.03523730451053,0.6279721388294623,Multiplicative,296.4249775729863,27.052163879293147,-5.575022427013721,103.7547886030217,489.0951665429509,1.8460339162297088,,MLR
1733,993243,2017,6,6/1/2017,592.0,4.531550513,42.61984246,23.38388616,0.236641548,29.0,592.0,470.19518398641867,121.80481601358133,0,592.0,1.259051602742702,"X_INDEX,PREDICTOR_1,PREDICTOR_2,PREDICTOR_3,PREDICTOR_4","15.582165994636627,-2.779208186776352,-0.014673868267587778,-0.5652515887601477,3.992001374831383",53.905921087727165,480.2961092754576,1.1795388167220235,Multiplicative,566.527904410965,27.052163879293147,-25.472095589035007,373.85771544100044,759.1980933809295,4.302718849499156,,MLR
1733,993243,2017,7,7/1/2017,765.0,7.317113496,29.62850931,3.281718905,0.262193163,30.0,765.0,460.3462598597762,304.6537401402238,0,765.0,1.6617925824639541,"X_INDEX,PREDICTOR_1,PREDICTOR_2,PREDICTOR_3,PREDICTOR_4","15.582165994636627,-2.779208186776352,-0.014673868267587778,-0.5652515887601477,3.992001374831383",53.905921087727165,499.792032994843,1.6265432878631476,Multiplicative,812.9333765952387,27.052163879293147,47.933376595238656,620.2631876252741,1005.6035655652032,6.2658008621227,,MLR
1733,993243,2017,8,8/1/2017,1044.0,0.197931794,10.52651343,3.676837303,0.09534624800000001,31.0,1044.0,456.6951048397252,587.3048951602748,0,1044.0,2.2859890306167974,"X_INDEX,PREDICTOR_1,PREDICTOR_2,PREDICTOR_3,PREDICTOR_4","15.582165994636627,-2.779208186776352,-0.014673868267587778,-0.5652515887601477,3.992001374831383",53.905921087727165,534.5507928137333,2.1072888885443524,Multiplicative,1126.4529460589545,27.052163879293147,82.45294605895447,933.7827570889899,1319.123135028919,7.897791768099087,,MLR
1733,993243,2017,9,9/1/2017,1415.0,6.8932561329999995,37.08936305,27.86605076,0.140691973,32.0,1415.0,468.18656156867473,946.8134384313253,0,1415.0,3.022299476642378,"X_INDEX,PREDICTOR_1,PREDICTOR_2,PREDICTOR_3,PREDICTOR_4","15.582165994636627,-2.779208186776352,-0.014673868267587778,-0.5652515887601477,3.992001374831383",53.905921087727165,517.6435076952778,2.862189093344305,Multiplicative,1481.593601965913,27.052163879293147,66.59360196591297,1288.9234129959484,1674.2637909358775,4.706261623032718,,MLR
1733,993243,2017,10,10/1/2017,1074.0,9.706629527999999,20.10631412,33.55621964,0.264021163,33.0,1074.0,495.21640767521063,578.7835923247894,0,1074.0,2.168748820423548,"X_INDEX,PREDICTOR_1,PREDICTOR_2,PREDICTOR_3,PREDICTOR_4","15.582165994636627,-2.779208186776352,-0.014673868267587778,-0.5652515887601477,3.992001374831383",53.905921087727165,522.9318836371557,2.1696830151600444,Multiplicative,1134.5964260131855,27.052163879293147,60.596426013185464,941.9262370432209,1327.26661498315,5.6421253271122405,,MLR
1733,993243,2017,11,11/1/2017,586.0,6.393290329,5.162497659,7.396739836,0.11210903800000001,34.0,586.0,553.7212159877557,32.27878401224427,0,586.0,1.0582942879561943,"X_INDEX,PREDICTOR_1,PREDICTOR_2,PREDICTOR_3,PREDICTOR_4","15.582165994636627,-2.779208186776352,-0.014673868267587778,-0.5652515887601477,3.992001374831383",53.905921087727165,562.1220467618804,1.0582942879561943,Multiplicative,594.8905512223428,27.052163879293147,8.890551222342765,402.2203622523782,787.5607401923073,1.5171589116625879,,MLR
1733,993243,2017,12,12/1/2017,228.0,8.283408581,4.464827522,28.93376139,0.298266518,35.0,228.0,608.0276403374578,-380.0276403374578,0,228.0,0.3749829528694766,"X_INDEX,PREDICTOR_1,PREDICTOR_2,PREDICTOR_3,PREDICTOR_4","15.582165994636627,-2.779208186776352,-0.014673868267587778,-0.5652515887601477,3.992001374831383",53.905921087727165,561.0307234218028,0.4382843726470079,Multiplicative,245.89099865062187,27.052163879293147,17.890998650621867,53.22080968065728,438.56118762058645,7.846929232728889,,MLR
1733,993243,2018,1,1/1/2018,30.0,1.67922216,33.90484386,24.14608924,0.250958361,36.0,30.0,638.2351249102708,-608.2351249102708,0,30.0,0.04700462075668068,"X_INDEX,PREDICTOR_1,PREDICTOR_2,PREDICTOR_3,PREDICTOR_4","15.582165994636627,-2.779208186776352,-0.014673868267587778,-0.5652515887601477,3.992001374831383",53.905921087727165,597.0526845246059,0.13734485260363205,Multiplicative,82.00211295263482,27.052163879293147,52.00211295263482,-110.66807601732977,274.6723019225994,173.34037650878273,,MLR
1733,993243,2018,2,2/1/2018,181.0,6.580077351,0.918720834,16.42651094,0.24850239699999999,37.0,181.0,657.5206555253964,-476.52065552539636,0,181.0,0.27527652322248447,"X_INDEX,PREDICTOR_1,PREDICTOR_2,PREDICTOR_3,PREDICTOR_4","15.582165994636627,-2.779208186776352,-0.014673868267587778,-0.5652515887601477,3.992001374831383",53.905921087727165,603.8520873611207,0.2826739483887769,Multiplicative,170.69325377717263,27.052163879293147,-10.306746222827371,-21.976935192791956,363.36344274713724,5.694334929738879,,MLR
1733,993243,2018,3,3/1/2018,257.0,3.337358243,49.2313382,12.287849099999999,0.127035803,38.0,257.0,669.2626514814733,-412.2626514814733,0,257.0,0.38400469446652563,"X_INDEX,PREDICTOR_1,PREDICTOR_2,PREDICTOR_3,PREDICTOR_4","15.582165994636627,-2.779208186776352,-0.014673868267587778,-0.5652515887601477,3.992001374831383",53.905921087727165,629.5920022353929,0.4469032141667781,Multiplicative,281.3666894126944,27.052163879293147,24.366689412694427,88.69650044272984,474.036878382659,9.481202106106782,,MLR
1733,993243,2018,4,4/1/2018,349.0,1.673361144,38.01810963,21.17376829,0.165341037,39.0,349.0,681.0133435418544,-332.0133435418544,0,349.0,0.5124716032506796,"X_INDEX,PREDICTOR_1,PREDICTOR_2,PREDICTOR_3,PREDICTOR_4","15.582165994636627,-2.779208186776352,-0.014673868267587778,-0.5652515887601477,3.992001374831383",53.905921087727165,645.0934386362824,0.5123063387243254,Multiplicative,330.4854576828391,27.052163879293147,-18.514542317160874,137.81526871287454,523.1556466528037,5.30502645190856,,MLR
1733,993243,2018,5,5/1/2018,427.0,2.797396276,44.09175822,32.6129708,0.191441058,40.0,427.0,683.2731232393708,-256.27312323937076,0,427.0,0.6249331130948191,"X_INDEX,PREDICTOR_1,PREDICTOR_2,PREDICTOR_3,PREDICTOR_4","15.582165994636627,-2.779208186776352,-0.014673868267587778,-0.5652515887601477,3.992001374831383",53.905921087727165,651.1007169973158,0.6279721388294623,Multiplicative,408.87310984620086,27.052163879293147,-18.12689015379914,216.20292087623628,601.5432988161655,4.2451733381262615,,MLR
1733,993243,2018,6,6/1/2018,710.0,5.085074124,9.547178234,41.41390879,0.015889808000000002,41.0,710.0,682.7374302567572,27.262569743242807,0,710.0,1.0399312657180524,"X_INDEX,PREDICTOR_1,PREDICTOR_2,PREDICTOR_3,PREDICTOR_4","15.582165994636627,-2.779208186776352,-0.014673868267587778,-0.5652515887601477,3.992001374831383",53.905921087727165,655.1563075913772,1.1795388167220235,Multiplicative,772.7822958243031,27.052163879293147,62.782295824303105,580.1121068543385,965.4524847942677,8.842576876662408,,MLR
1733,993243,2018,7,7/1/2018,1076.0,5.376252247,14.95073128,31.14450571,0.051237504,42.0,1076.0,676.1792632636491,399.8207367363509,0,1076.0,1.591293993262341,"X_INDEX,PREDICTOR_1,PREDICTOR_2,PREDICTOR_3,PREDICTOR_4","15.582165994636627,-2.779208186776352,-0.014673868267587778,-0.5652515887601477,3.992001374831383",53.905921087727165,675.7958423948054,1.6265432878631476,Multiplicative,1099.2111914130924,27.052163879293147,23.211191413092365,906.5410024431278,1291.881380383057,2.157173923149848,,MLR
1733,993243,2018,8,8/1/2018,1401.0,8.882675074,8.525401602999999,19.3941715,0.24914856,43.0,1401.0,665.2968104031934,735.7031895968066,0,1401.0,2.1058270205007363,"X_INDEX,PREDICTOR_1,PREDICTOR_2,PREDICTOR_3,PREDICTOR_4","15.582165994636627,-2.779208186776352,-0.014673868267587778,-0.5652515887601477,3.992001374831383",53.905921087727165,689.1591700919118,2.1072888885443524,Multiplicative,1452.2574615731332,27.052163879293147,51.25746157313324,1259.5872726031687,1644.9276505430978,3.6586339452629004,,MLR
1733,993243,2018,9,9/1/2018,1919.0,4.953348626,17.99244384,43.73888672,0.05361415,44.0,1386.5,650.6738729902736,1268.3261270097264,1,1386.5,2.9492501230776873,"X_INDEX,PREDICTOR_1,PREDICTOR_2,PREDICTOR_3,PREDICTOR_4","15.582165994636627,-2.779208186776352,-0.014673868267587778,-0.5652515887601477,3.992001374831383",53.905921087727165,700.9813715991123,2.862189093344305,Multiplicative,2006.3412364285107,27.052163879293147,619.8412364285107,1813.6710474585461,2199.0114253984752,44.70546241821209,,MLR
1733,993243,2018,10,10/1/2018,1372.0,9.277568711,34.30044358,46.3958591,0.296772055,45.0,1372.0,632.0782834230797,739.9217165769203,0,1372.0,2.1706172098965406,"X_INDEX,PREDICTOR_1,PREDICTOR_2,PREDICTOR_3,PREDICTOR_4","15.582165994636627,-2.779208186776352,-0.014673868267587778,-0.5652515887601477,3.992001374831383",53.905921087727165,703.7751571241758,2.1696830151600444,Multiplicative,1526.969004903916,27.052163879293147,154.9690049039159,1334.2988159339513,1719.6391938738805,11.295116975504074,,MLR
1733,993243,2018,11,11/1/2018,846.0,7.695016732000001,0.8630533659999999,53.39975086,0.016910735,46.0,846.0,609.519612981351,236.48038701864903,0,846.0,1.3879783061646689,"X_INDEX,PREDICTOR_1,PREDICTOR_2,PREDICTOR_3,PREDICTOR_4","15.582165994636627,-2.779208186776352,-0.014673868267587778,-0.5652515887601477,3.992001374831383",53.905921087727165,719.1700526750144,1.0582942879561943,Multiplicative,761.0935588151231,27.052163879293147,-84.90644118487694,568.4233698451585,953.7637477850876,10.036222362278597,,MLR
1733,993243,2018,12,12/1/2018,338.0,4.115012846,8.340476958,44.24271629,0.10355083,47.0,338.0,582.747056265613,-244.74705626561297,0,338.0,0.5800115099096124,"X_INDEX,PREDICTOR_1,PREDICTOR_2,PREDICTOR_3,PREDICTOR_4","15.582165994636627,-2.779208186776352,-0.014673868267587778,-0.5652515887601477,3.992001374831383",53.905921087727165,750.113967766923,0.4382843726470079,Multiplicative,328.7632297764838,27.052163879293147,-9.236770223516203,136.0930408065192,521.4334187464484,2.7327722554781664,,MLR
1733,993243,2019,1,1/1/2019,258.0,6.535888751,21.59914355,52.49405597,0.115035085,48.0,258.0,551.3883811877477,-293.38838118774765,0,258.0,0.46790975073548213,"X_INDEX,PREDICTOR_1,PREDICTOR_2,PREDICTOR_3,PREDICTOR_4","15.582165994636627,-2.779208186776352,-0.014673868267587778,-0.5652515887601477,3.992001374831383",53.905921087727165,754.1552219984684,0.13734485260363205,Multiplicative,103.57933780563904,27.052163879293147,-154.42066219436094,-89.09085116432554,296.2495267756036,59.85296984277556,,MLR
1733,993243,2019,2,2/1/2019,345.0,7.235966524,33.1728703,49.89086269,0.004462767,49.0,345.0,515.1554617709094,-170.15546177090937,0,345.0,0.6697007517187543,"X_INDEX,PREDICTOR_1,PREDICTOR_2,PREDICTOR_3,PREDICTOR_4","15.582165994636627,-2.779208186776352,-0.014673868267587778,-0.5652515887601477,3.992001374831383",53.905921087727165,768.6519490652042,0.2826739483887769,Multiplicative,217.27788137899032,27.052163879293147,-127.72211862100968,24.60769240902573,409.9480703489549,37.02090394811875,,MLR
1733,993243,2019,3,3/1/2019,266.0,7.0663285039999995,2.860809348,12.64176402,0.17671637399999998,50.0,266.0,473.73703313606904,-207.73703313606904,0,266.0,0.5614929410080511,"X_INDEX,PREDICTOR_1,PREDICTOR_2,PREDICTOR_3,PREDICTOR_4","15.582165994636627,-2.779208186776352,-0.014673868267587778,-0.5652515887601477,3.992001374831383",53.905921087727165,806.8931184622068,0.4469032141667781,Multiplicative,360.60312812981505,27.052163879293147,94.60312812981505,167.93293915985046,553.2733170997797,35.56508576308836,,MLR
1733,993243,2019,4,4/1/2019,355.0,8.221072141,42.81445515,24.45820813,0.04462871400000001,51.0,355.0,426.8573247841445,-71.85732478414451,0,355.0,0.8316596187719593,"X_INDEX,PREDICTOR_1,PREDICTOR_2,PREDICTOR_3,PREDICTOR_4","15.582165994636627,-2.779208186776352,-0.014673868267587778,-0.5652515887601477,3.992001374831383",53.905921087727165,811.4731790249654,0.5123063387243254,Multiplicative,415.72285331926906,27.052163879293147,60.72285331926906,223.05266434930448,608.3930422892337,17.105029104019454,,MLR
1733,993243,2019,5,5/1/2019,,3.229102899,49.14095537,24.51066607,0.04685505,52.0,,,,0,,,"X_INDEX,PREDICTOR_1,PREDICTOR_2,PREDICTOR_3,PREDICTOR_4","15.582165994636627,-2.779208186776352,-0.014673868267587778,-0.5652515887601477,3.992001374831383",53.905921087727165,840.8154681767259,0.6279721388294623,Multiplicative,528.0086879118343,27.052163879293147,,335.3384989418697,720.6788768817988,,,MLR
1733,993243,2019,6,6/1/2019,,5.0020542830000005,9.398435605,7.16045605,0.165233241,53.0,,,,0,,,"X_INDEX,PREDICTOR_1,PREDICTOR_2,PREDICTOR_3,PREDICTOR_4","15.582165994636627,-2.779208186776352,-0.014673868267587778,-0.5652515887601477,3.992001374831383",53.905921087727165,862.3332093501962,1.1795388167220235,Multiplicative,1017.1554933770354,27.052163879293147,,824.4853044070709,1209.825682347,,,MLR
1733,993243,2019,7,7/1/2019,,0.715268714,38.00477304,4.974021049,0.240572027,54.0,,,,0,,,"X_INDEX,PREDICTOR_1,PREDICTOR_2,PREDICTOR_3,PREDICTOR_4","15.582165994636627,-2.779208186776352,-0.014673868267587778,-0.5652515887601477,3.992001374831383",53.905921087727165,890.946117661339,1.6265432878631476,Multiplicative,1449.162427529781,27.052163879293147,,1256.4922385598165,1641.8326164997457,,,MLR
1733,993243,2019,8,8/1/2019,,5.5633958439999995,13.57668092,12.81933015,0.03841707,55.0,,,,0,,,"X_INDEX,PREDICTOR_1,PREDICTOR_2,PREDICTOR_3,PREDICTOR_4","15.582165994636627,-2.779208186776352,-0.014673868267587778,-0.5652515887601477,3.992001374831383",53.905921087727165,888.1712073516168,2.1072888885443524,Multiplicative,1871.633316377084,27.052163879293147,,1678.9631274071194,2064.3035053470485,,,MLR
1733,993243,2019,9,9/1/2019,,6.663194411,43.05349079,11.37482705,0.14438144,56.0,,,,0,,,"X_INDEX,PREDICTOR_1,PREDICTOR_2,PREDICTOR_3,PREDICTOR_4","15.582165994636627,-2.779208186776352,-0.014673868267587778,-0.5652515887601477,3.992001374831383",53.905921087727165,901.5037829230282,2.862189093344305,Multiplicative,2580.2742950909233,27.052163879293147,,2387.6041061209585,2772.944484060888,,,MLR
1733,993243,2020,10,10/1/2020,,2.270636325,29.23322032,59.00065163,0.28883319399999996,57.0,,,,0,,,"X_INDEX,PREDICTOR_1,PREDICTOR_2,PREDICTOR_3,PREDICTOR_4","15.582165994636627,-2.779208186776352,-0.014673868267587778,-0.5652515887601477,3.992001374831383",53.905921087727165,903.1526577301735,2.1696830151600444,Multiplicative,1959.5549815738104,27.052163879293147,,1766.8847926038459,2152.225170543775,,,MLR
1733,993243,2020,11,11/1/2020,,4.9033070819999995,49.80207832,27.00881587,0.017462936999999998,58.0,,,,0,,,"X_INDEX,PREDICTOR_1,PREDICTOR_2,PREDICTOR_3,PREDICTOR_4","15.582165994636627,-2.779208186776352,-0.014673868267587778,-0.5652515887601477,3.992001374831383",53.905921087727165,928.1163844428237,1.0582942879561943,Multiplicative,982.2202682143956,27.052163879293147,,789.550079244431,1174.8904571843602,,,MLR
1733,993243,2020,12,12/1/2020,,9.18490742,38.53177474,17.776585600000004,0.10945355300000001,59.0,,,,0,,,"X_INDEX,PREDICTOR_1,PREDICTOR_2,PREDICTOR_3,PREDICTOR_4","15.582165994636627,-2.779208186776352,-0.014673868267587778,-0.5652515887601477,3.992001374831383",53.905921087727165,937.5502301691156,0.4382843726470079,Multiplicative,410.9136144547287,27.052163879293147,,218.24342548476412,603.5838034246933,,,MLR
